{
  "config": {
    "dataset_name": "synthetic_gaussian",
    "dimension": 128,
    "num_vectors": 20000,
    "k": 10,
    "ef_search": 512,
    "M": 24,
    "ef_construction": 300,
    "mode": "hnswlib"
  },
  "aggregate": {
    "k": 10,
    "num_queries": 2000,
    "recall_at_k": 0.9963,
    "qps": 1357.0349133995571,
    "qps_search": 1357.0349133995571,
    "qps_total": 788.1118345303387,
    "latency_us_p50": 708.1495000420546,
    "latency_us_p95": 944.0840505703818,
    "latency_us_p99": 1218.7897398871428,
    "build_time_s": 1.0639094759999352,
    "search_time_s": 1.4738014330005171,
    "effective_search_time_s": 1.4738014330005171,
    "effective_qps": 1357.0349133995571,
    "io": {
      "num_reads": 0,
      "bytes_read": 0
    },
    "device_time_us": 0.0
  }
}