{
  "config": {
    "dataset_name": "SIFT1M",
    "dimension": 128,
    "num_vectors": 100000,
    "k": 10,
    "ef_search": 512,
    "M": 24,
    "ef_construction": 300,
    "mode": "hnswlib"
  },
  "aggregate": {
    "k": 10,
    "num_queries": 200,
    "recall_at_k": 1.0,
    "qps": 1351.2274766562293,
    "qps_search": 1351.2274766562293,
    "qps_total": 26.91514464795893,
    "latency_us_p50": 711.4750001164794,
    "latency_us_p95": 1040.060750483462,
    "latency_us_p99": 1620.5936900860177,
    "build_time_s": 7.282747166000263,
    "search_time_s": 0.14801356800035137,
    "effective_search_time_s": 0.14801356800035137,
    "effective_qps": 1351.2274766562293,
    "io": {
      "num_reads": 0,
      "bytes_read": 0
    },
    "device_time_us": 0.0
  }
}