{
  "config": {
    "dataset_name": "SIFT1M",
    "dimension": 128,
    "num_vectors": 20000,
    "k": 10,
    "ef_search": 512,
    "M": 24,
    "ef_construction": 300,
    "mode": "hnswlib"
  },
  "aggregate": {
    "k": 10,
    "num_queries": 2000,
    "recall_at_k": 0.9999,
    "qps": 2468.0125216096253,
    "qps_search": 2468.0125216096253,
    "qps_total": 1555.1889812694037,
    "latency_us_p50": 395.40549994399043,
    "latency_us_p95": 536.7170498971063,
    "latency_us_p99": 638.5467399854859,
    "build_time_s": 0.47564868200015553,
    "search_time_s": 0.8103686599999946,
    "effective_search_time_s": 0.8103686599999946,
    "effective_qps": 2468.0125216096253,
    "io": {
      "num_reads": 0,
      "bytes_read": 0
    },
    "device_time_us": 0.0
  }
}