{
  "config": {
    "dataset_name": "SIFT1M",
    "dimension": 128,
    "num_vectors": 50000,
    "k": 10,
    "ef_search": 512,
    "M": 24,
    "ef_construction": 300,
    "mode": "hnswlib"
  },
  "aggregate": {
    "k": 10,
    "num_queries": 400,
    "recall_at_k": 1.0,
    "qps": 1504.7491274357048,
    "qps_search": 1504.7491274357048,
    "qps_total": 174.21085359975274,
    "latency_us_p50": 608.4450000116703,
    "latency_us_p95": 842.5451499647348,
    "latency_us_p99": 1084.9833299653255,
    "build_time_s": 2.030243152000139,
    "search_time_s": 0.2658250419999604,
    "effective_search_time_s": 0.2658250419999604,
    "effective_qps": 1504.7491274357048,
    "io": {
      "num_reads": 0,
      "bytes_read": 0
    },
    "device_time_us": 0.0
  }
}